title,author,note,rating,category,added
"Debt: The First 5,000 Years",David Graeber,money is made up. has always been made up. carry on.,****-,economics,
Broken Money,Lyn Alden,the monetary system explained by someone who clearly finds it offensive.,****-,economics,
In This Economy,Kyla Scanlon,vibes-based economics. ,****-,economics,
How Countries Go Broke,Ray Dalio,dalio explains the big debt cycle. you will feel briefly very informed.,****-,economics,
Sold Out,Ray Dalio,"dalio, again. consistent worldview. consistently large books.",***--,economics,
The World for Sale,Javier Blas & Jack Farchy,felt like i was in a james bond film. commodity traders run the world. you didn't know this. now you do.,*****,economics,
Poor Charlie's Almanack,Charlie Munger,mental models from a man who lived 99 years being correct about things.,***--,economics,
Collusion,Luke Harding,"russia, trump, money. harding is nervous writing this. understandably.",***--,economics,
Smart Money,Brunello Rosa & Casey Alston,fintech meets macro. dense but the right kind of dense.,****-,economics,
Field Guide to Global Payments,,how money moves around the planet. slower than you'd think. buy xrp.,***--,economics,
The Wealth Heiress's Guide to Financial Freedom,,the title is doing a lot of work.,**---,economics,
A Brief History of Central Banking,,long history of institutions with short memories.,****-,economics,
The Bitcoin Standard,Saifedean Ammous,ammous is very insistant that bitcoin is good. central banks are bad.,****-,economics,
The Gold Standard,Saifedean Ammous,the prequel. equally convinced. gold instead of bitcoin. same energy.,***--,economics,
The Fiat Standard,Saifedean Ammous,ammous completes the trilogy. fiat money is also bad. consistent man.,***--,economics,2026-10
Banks and Fintech on Platform Economies,Paolo Sironi,how banks need to become platforms. sironi explains. the banks aren't listening.,***--,economics,2026-10
Read Write Own,Chris Dixon,incredible account from someone who saw it all. read and then read again.,****-,culture,
Ayoade on Top,Richard Ayoade,a book-length analysis of a minor gwyneth paltrow film. completely serious. hilarious.,****-,culture,
Grip of Film,Richard Ayoade,film theory via a fictional idiot. ayoade's best trick is making the idiot smarter than you.,***--,culture,
Richard Ayoade on Ayoade,Richard Ayoade,ayoade interviews himself. it is exactly as good as that sounds.,*****,culture,
"Faith, Hope and Carnage",Nick Cave,"grief, god, and bad seeds. cave has been through it. he is still going.",DNF,culture,
They Can't Kill Us Until They Kill Us,Hanif Abdurraqib,music criticism as autobiography. abdurraqib makes you feel like you were there.,***--,culture,
Consider the Lobster,David Foster Wallace,essays about everything. the lobster essay is about ethics. the porn essay is also about ethics.,***--,culture,
It,Alexa Chung,fashion and feelings. chung is self-aware enough for both to land.,*****,culture,
Ways of Seeing,John Berger,"how to look at art, advertising, women. you'll never see a painting the same way.",***--,culture,
Design as Art,Bruno Munari,everything is design. munari is delighted about this.,***--,culture,
Manchester Unspun,,manchester's myth vs its reality. the myth is winning.,*****,culture,
Where Wizards Stay Up Late,Katie Hafner,how the internet was built by people who had no idea it would become this.,****-,culture,
Co-Intelligence,Ethan Mollick,how to work with ai without becoming entirely redundant. mollick is optimistic. bless him.,****-,culture,
On Writing,Stephen King,"half memoir, half craft manual. the best writing book that pretends it isn't one.",****-,culture,
The Elements of Style,Strunk & White,omit needless words. this book follows its own advice.,****-,culture,
Thank God I Failed,Orlando Da Silva,the strongest closing argument da silva ever made. for staying alive.,***--,culture,2026-10
The $12 Million Stuffed Shark,Don Thompson,"how the art market works. spoiler: it doesn't. not rationally, anyway.",****-,culture,2026-10
The Ultimate Hidden Truth of the World,David Graeber,graeber's final word. he had a lot of words. all of them correct.,****-,politics,
Why Nations Fail,Daron Acemoglu & James Robinson,institutions matter. some countries missed this. catastrophically.,****-,politics,
Breakneck,Dan Wang,china is building things at a pace that makes everyone else look sedated.,*****,politics,
Chip War,Chris Miller,semiconductors are the oil of our time. everyone is fighting over them. miller explains why.,****-,politics,
Korea: A History of North and South,,"one peninsula, two completely different experiments. only one of them went well.",****-,politics,
The Peloponnesian War,Thucydides,athens and sparta destroy each other. thucydides is grimly unsurprised throughout.,****-,politics,
How States Think,John Mearsheimer & Sebastian Rosato,states don't think. mearsheimer and rosato explain what they do instead.,***--,politics,2026-10
Uranium,Tom Zoellner,"damn, uranium got range. thanks liam for the rec.",****-,politics,2026-10
White Malice,Susan Williams,"decolonisation, but the cia had other plans. williams did the archival work. it's worse than you thought.",***--,politics,2026-10
Cobalt Red,Siddharth Kara,your phone battery has a body count. kara went to the mines.,****-,politics,2026-10
Sea Power,James Stavridis,"geopolitics, but wet. stavridis commanded nato and it shows.",***--,politics,2026-10
Waste Land,Robert D. Kaplan,the world is in permanent crisis. kaplan has been saying this for years. unfortunately correct.,***--,politics,2026-10
The Tragedy of Great Power Politics,John Mearsheimer,great powers do terrible things. mearsheimer is unsentimental about it.,***--,politics,2026-10
The Future of Geography,Tim Marshall,"marshall did prisoners of geography. now he's looking up. same problems, bigger scale.",***--,politics,2026-10
The End of the World Is Just the Beginning,Peter Zeihan,globalisation is ending. zeihan is almost cheerful about it. alarming.,***--,politics,2026-10
The Clash of Civilizations,Samuel Huntington,huntington predicts the future in 1996. got enough right to be uncomfortable.,***--,politics,2026-10
Destined for War,Graham Allison,thucydides had a trap. allison explains it. america and china are standing in it.,****-,politics,2026-10
The Rise and Fall of the Great Powers,Paul Kennedy,every great power thinks it's different. kennedy shows they're not.,***--,politics,2026-10
World Order,Henry Kissinger,kissinger explains the international system he helped build. and break.,***--,politics,2026-10
Things to Make and Do in the Fourth Dimension,Matt Parker,maths as entertainment. parker is having far too much fun.,***--,science,
The Maths of Life and Death,Kit Yates,statistics are everywhere and you've been misreading them your whole life. sorry.,****-,science,
How to Not Be Wrong,Jordan Ellenberg,mathematical thinking applied to everything. slightly smug.,***--,science,
A Field Guide to Lies,Daniel Levitin,how to spot statistical nonsense.,***--,science,
Range,David Epstein,"not that david epstein. generalists win in the end. vindication, finally.",****-,science,
Cured,Jeff Rediger,spontaneous remission. science doesn't fully understand it yet. neither will you after reading this.,***--,science,
A Humble Pie,various,a comedy of mathematical errors. feels personal somehow.,***--,science,
The Signal and the Noise,Nate Silver,prediction is hard. silver is very good at it and slightly insufferable about it.,****-,science,
Algorithms to Live By,Brian Christian & Tom Griffiths,computer science as life advice. surprisingly not annoying.,****-,science,
Power to Save the World,Gwyneth Cravens,journalist investigates nuclear power expecting horror. found maths instead.,***--,science,2026-10
On Self-Confidence,Alain de Botton,de botton fixed my life. made me realize im not so vile.,*****,philosophy,
On Self-Hatred,Alain de Botton,a book about self-hatred written with great warmth. very de botton. love love love.,*****,philosophy,
The Republic,Plato,what is justice? plato spends 400 pages not quite answering.,***--,philosophy,
Conversations of Socrates,Xenophon,"socrates, but less annoying. the lesser known version is sometimes the better one.",***--,philosophy,
How to Be Free,Epictetus,written by a former roman slave. the irony is the point.,***--,philosophy,
Secret Teachings of All Ages,Manly P. Hall,everything is connected. hall is very confident about this.,*****,philosophy,
I Ching,ancient,"throw coins, receive ambiguous wisdom. surprisingly useful.",*****,philosophy,
How to Think Like a Roman Emperor,Donald Robertson,marcus aurelius had the weight of the world and still journalled. no excuses.,***--,philosophy,
How to Be a Stoic,Massimo Pigliucci,epictetus as life coach. somehow works.,****-,philosophy,
The Obstacle is the Way,Ryan Holiday,stoicism for people who find stoicism too long.,***--,philosophy,
Stillness is the Key,Ryan Holiday,ryan holiday's third stoic book. still going. still fine.,***--,philosophy,
Ego is the Enemy,Ryan Holiday,your ego is the problem. holiday's ego seems fine though.,***--,philosophy,
The Daily Stoic,Ryan Holiday,one stoic thought per day. perfectly sized for the attention span we have left.,***--,philosophy,
12 Rules for Life,Jordan Peterson,clean your room. the other 11 rules are also in there somewhere.,***--,philosophy,
How to Be Perfect,Michael Schur,"the good place, but a book. ethics made bearable by someone who made ted danson funny.",****-,philosophy,
No Mud No Lotus,Thich Nhat Hanh,suffering is unavoidable. here's a flower about it.,***--,philosophy,
Man's Search for Meaning,Viktor Frankl,wrote this in a concentration camp. your problems are now in perspective.,*****,philosophy,
The Tibetan Book of Living and Dying,Sogyal Rinpoche,death is not the end. rinpoche is very calm about this. more than the reader.,****-,philosophy,
For a Critique of the Political Economy of the Sign,Jean Baudrillard,"baudrillard explains that nothing is real. including, presumably, this book.",****-,philosophy,2026-10
Infinite Jest,David Foster Wallace,"1,079 pages about tennis and addiction. both take over your life.",****-,fiction,
A Little Life,Hanya Yanagihara,"euthanasia fan fiction. though well written.",***--,fiction,
The White Book,Han Kang,grief as interior design.,***--,fiction,
The Wall,Marlen Haushofer,woman wakes up alone in austria. honestly sounds fine.,***--,fiction,
All Quiet on the Western Front,Erich Maria Remarque,war is bad. took 200 pages to confirm.,****-,fiction,
The Idiot,Fyodor Dostoevsky,a good man enters russian society. it goes about as well as you'd expect.,***--,fiction,
1984,George Orwell,fun to reread every few years to check how we're doing. not great.,***--,fiction,
Dubliners,James Joyce,nothing happens. repeatedly. masterfully.,*****,fiction,
The Great Gatsby,F. Scott Fitzgerald,rich man throws parties hoping an ex notices. she notices.,***--,fiction,
Slaughterhouse-Five,Kurt Vonnegut,so it goes.,***--,fiction,
Galápagos,Kurt Vonnegut,evolution comes for us all. vonnegut is smug about it.,***--,fiction,
Lord of the Flies,William Golding,children are feral. golding very sure about this. piggy's glasses broke me.,*****,fiction,
The Catcher in the Rye,J.D. Salinger,"teenager finds everything phoney. including, eventually, this book.",***--,fiction,
Life of Pi,Yann Martel,boy. tiger. boat. god. pick your preferred ending.,***--,fiction,
The Alchemist,Paulo Coelho,the universe conspires to help you. the universe is very busy.,**---,fiction,
Bridge Over the River Kwai,Pierre Boulle,british officer builds a bridge for his captors. out of pride. classic.,****-,fiction,
The Illustrated Man,Ray Bradbury,tattoos that tell the future. better than a horoscope. marginally.,***--,fiction,
Nostromo,Joseph Conrad,"silver, greed, and a republic slowly eating itself. conrad at his most relentless.",****-,fiction,
The Glass Bead Game,Hermann Hesse,a game that encompasses all human knowledge. hesse takes 500 pages to explain it. worth it.,****-,fiction,
Tropic of Cancer,Henry Miller,paris in the 1930s. banned for decades. you can see why and you understand why it shouldn't have been.,***--,fiction,
Blood Meridian,Cormac McCarthy,the judge is the most terrifying character in american fiction. mccarthy doesn't disagree.,*****,fiction,2026-10
A Clockwork Orange,Anthony Burgess,free will vs safety. burgess picks free will. horrorshow.,***--,fiction,2026-10
The Status Game,Will Storr,everything you do is about status. storr is polite about it. barely.,*****,psychology,
Sapiens,Yuval Noah Harari,humanity's greatest hits and lowest lows in 400 pages. we're a mess.,****-,psychology,
Homo Deus,Yuval Noah Harari,what comes next is either utopia or extinction. harari is unbothered either way.,***--,psychology,
Influence,Robert Cialdini,you are being manipulated constantly. here's how. useful for offense and defense.,*****,psychology,
Persuasion,Robert Cialdini,"cialdini, but updated. still being manipulated. still useful to know.",****-,psychology,
Laws of Human Nature,Robert Greene,humans are predictably irrational. greene has catalogued all 18 laws. of course he has.,***--,psychology,
The Art of Seduction,Robert Greene,greene classifies seducers. feeling insecure because i'm not a sexy baby.,***--,psychology,
Strategies of War,Robert Greene,sun tzu for people who want more footnotes. greene delivers.,***--,psychology,
Man and His Symbols,Carl Jung,your dreams mean something. probably something embarrassing.,****-,psychology,
The Organized Mind,Daniel Levitin,mind is even less organized after this. too dense for my little pea brain.,-DNF-,psychology,
The Art of Thinking Clearly,Rolf Dobelli,99 cognitive biases. you have all of them.,****-,psychology,
The Brain That Changes Itself,Norman Doidge,your brain is plastic. not a criticism.,***--,psychology,
Why We Sleep,Matthew Walker,you are not sleeping enough. this book will keep you up at night.,***--,psychology,
Atomic Habits,James Clear,1% better every day. fine. yes. we get it.,***--,psychology,
Never Split the Difference,Chris Voss,FBI hostage negotiator gives life advice. it's applicable. terrifyingly.,****-,psychology,
"Thinking, Fast and Slow",Daniel Kahneman,you have two brains and both of them are wrong. kahneman documents this with glee.,*****,psychology,
The Art of Strategy,Avinash Dixit & Barry Nalebuff,game theory for the rest of us. every interaction is a game. you were already playing.,****-,psychology,
Essentialism,Greg McKeown,"do less, better. could have been an essay. point taken.",***--,psychology,
Effortless,Greg McKeown,the sequel to essentialism. effortless to read. less effortless to apply.,***--,psychology,
21 Lessons for the 21st Century,Yuval Noah Harari,harari's third act. still worried. still useful. starting to repeat himself slightly.,***--,psychology,
Everything is F*cked,Mark Manson,"honestly, i can't remember.",**---,psychology,
The Sweet Spot,Paul Bloom,why we choose suffering. bloom makes a compelling case for discomfort.,***--,psychology,
The Tipping Point,Malcolm Gladwell,ideas spread like viruses. gladwell spread this idea virally. good demo.,***--,psychology,
Outliers,Malcolm Gladwell,"the reason i'm not an olympian is because i wasn't born in january. 10,000 hours is just one data point, bill gates.",****-,psychology,
David and Goliath,Malcolm Gladwell,disadvantages are secretly advantages. gladwell has built a career on this one idea.,***--,psychology,
What the Dog Saw,Malcolm Gladwell,gladwell essays. the dog doesn't feature much.,***--,psychology,
10% Happier,Dan Harris,harris had a panic attack on live television. he meditates now.,***--,psychology,
Meditation for Fidgety Skeptics,Dan Harris,harris still fidgeting. still meditating. still reporting back.,***--,psychology,
The Next Conversation,Jefferson Fisher,what to actually say when things get difficult. practical and annoyingly good.,*****,psychology,
The Artist's Way,Julia Cameron,morning pages. creativity. you will either love this or flee it.,***--,psychology,
How to Win Friends and Influence People,Dale Carnegie,"1936. this can be summarized as ""don't be an asshole"".",*----,psychology,
A Million Miles in a Thousand Years,Donald Miller,miller realises his life is boring and does something about it. aspirational.,*****,psychology,2026-10
Born to Run,Christopher McDougall,humans evolved to run. your knees haven't read this book.,***--,sport,
Endure,Alex Hutchinson,pain is mostly in your head. your head is very convincing.,****-,sport,
Finding Ultra,Rich Roll,man eats only plants and runs a lot.,***--,sport,
Deep,James Nestor,freediving. the ocean is enormous and indifferent. nestor finds this thrilling.,****-,sport,
Eat and Run,Scott Jurek,jurek is very calm about running 100 miles.,***--,sport,
Draft Animals,Phil Gaimon,"pro cycling from the back of the peloton. funny, sad, very honest.",***--,sport,
Ask a Pro,Phil Gaimon,gaimon answers cycling questions with unusual candour. refreshing in a sport of PR.,***--,sport,
The Climb,Chris Froome,froome wins four tours. the book is more interesting than that sentence suggests.,****-,sport,
Bicycle Diaries,David Byrne,talking heads frontman cycles around cities thinking about cities.,**---,sport,
On Time and Water,Andri Snær Magnason,iceland's glaciers are melting. magnason is heartbroken about it in the best prose.,***--,sport,
